_datei,soll_last,nachrichten_pro_lauf,wiederholungen,technologie,Lauf,Min (ms),Max (ms),Mittel (ms),Median (ms),P95 (ms),P99 (ms),Stdabw (ms),Drift (ms),Rate (msg/s),Rueckstand
uc1_bericht_10000n_130r_1790520370.md,130,10000,5,ibmmq,1,2.67,99.22,4.36,3.80,6.44,10.58,4.25,0.21,129.6,78
uc1_bericht_10000n_130r_1790520370.md,130,10000,5,ibmmq,2,2.69,27.29,4.09,3.83,6.39,7.03,1.33,0.06,129.8,46
uc1_bericht_10000n_130r_1790520370.md,130,10000,5,ibmmq,3,2.70,40.08,4.11,3.84,6.39,7.04,1.38,0.03,129.8,50
uc1_bericht_10000n_130r_1790520370.md,130,10000,5,ibmmq,4,2.68,30.41,4.07,3.81,6.35,6.99,1.35,-0.00,129.7,52
uc1_bericht_10000n_130r_1790520370.md,130,10000,5,ibmmq,5,2.69,46.44,4.06,3.80,6.35,6.88,1.34,0.00,129.8,46
uc1_bericht_10000n_300r_1790413353.md,300,10000,5,rabbitmq,1,0.08,0.27,0.13,0.13,0.17,0.20,0.02,-0.02,294.4,1548
uc1_bericht_10000n_300r_1790413353.md,300,10000,5,rabbitmq,2,0.08,0.30,0.13,0.13,0.17,0.19,0.02,-0.01,294.1,1567
uc1_bericht_10000n_300r_1790413353.md,300,10000,5,rabbitmq,3,0.08,0.26,0.13,0.13,0.17,0.19,0.02,0.03,294.0,1554
uc1_bericht_10000n_300r_1790413353.md,300,10000,5,rabbitmq,4,0.08,0.27,0.13,0.13,0.16,0.19,0.02,-0.01,293.9,1586
uc1_bericht_10000n_300r_1790413353.md,300,10000,5,rabbitmq,5,0.07,0.31,0.13,0.13,0.17,0.19,0.02,-0.00,294.7,1541
uc1_bericht_10000n_500r_1790411078.md,500,10000,5,kafka,1,0.05,38.28,0.09,0.07,0.12,0.16,0.47,-0.02,498.5,2
uc1_bericht_10000n_500r_1790411078.md,500,10000,5,kafka,2,0.05,2.37,0.07,0.07,0.10,0.13,0.03,-0.01,500.0,2
uc1_bericht_10000n_500r_1790411078.md,500,10000,5,kafka,3,0.05,0.31,0.07,0.07,0.10,0.15,0.02,0.00,500.0,1
uc1_bericht_10000n_500r_1790411078.md,500,10000,5,kafka,4,0.05,2.20,0.08,0.08,0.10,0.13,0.03,0.01,500.0,2
uc1_bericht_10000n_500r_1790411078.md,500,10000,5,kafka,5,0.05,0.37,0.08,0.07,0.10,0.13,0.02,-0.00,500.0,1
uc1_bericht_10000n_500r_1790413178.md,500,10000,5,rabbitmq,1,0.08,0.28,0.13,0.13,0.16,0.18,0.02,0.00,330.5,10010
uc1_bericht_10000n_500r_1790413178.md,500,10000,5,rabbitmq,2,0.07,0.28,0.13,0.13,0.16,0.19,0.02,0.00,329.6,10010
uc1_bericht_10000n_500r_1790413178.md,500,10000,5,rabbitmq,3,0.08,0.29,0.13,0.13,0.16,0.18,0.02,-0.00,329.8,10010
uc1_bericht_10000n_500r_1790413178.md,500,10000,5,rabbitmq,4,0.07,0.30,0.13,0.13,0.16,0.19,0.02,0.00,330.2,10010
uc1_bericht_10000n_500r_1790413178.md,500,10000,5,rabbitmq,5,0.07,0.26,0.13,0.13,0.16,0.18,0.02,0.00,330.9,10010
uc1_bericht_10000n_500r_1790413459.md,500,10000,5,rabbitmq,1,0.07,0.34,0.12,0.12,0.15,0.17,0.02,0.01,500.0,0
uc1_bericht_10000n_500r_1790413459.md,500,10000,5,rabbitmq,2,0.07,0.55,0.12,0.12,0.17,0.18,0.02,-0.02,500.0,0
uc1_bericht_10000n_500r_1790413459.md,500,10000,5,rabbitmq,3,0.07,0.34,0.12,0.12,0.15,0.17,0.02,-0.01,500.0,0
uc1_bericht_10000n_500r_1790413459.md,500,10000,5,rabbitmq,4,0.07,0.41,0.13,0.13,0.18,0.19,0.03,0.02,500.0,0
uc1_bericht_10000n_500r_1790413459.md,500,10000,5,rabbitmq,5,0.07,0.37,0.12,0.12,0.14,0.19,0.02,0.02,500.0,0
uc1_bericht_10000n_500r_1790416298.md,500,10000,5,ibmmq,1,51.59,25902.37,17456.14,19700.37,25291.87,25797.67,7062.98,15986.77,193.6,10010
uc1_bericht_10000n_500r_1790416298.md,500,10000,5,ibmmq,2,60.97,26098.31,17734.01,20148.38,25511.32,25985.79,7163.04,16348.16,195.4,10010
uc1_bericht_10000n_500r_1790416298.md,500,10000,5,ibmmq,3,57.28,26111.04,17774.88,20144.47,25487.77,25984.24,7099.76,16265.67,195.3,10010
uc1_bericht_10000n_500r_1790416298.md,500,10000,5,ibmmq,4,80.75,26176.01,17801.62,20111.47,25593.36,26051.94,7159.74,16162.13,194.5,10010
uc1_bericht_10000n_500r_1790416298.md,500,10000,5,ibmmq,5,35.56,26294.13,17766.05,20048.89,25647.94,26177.38,7176.26,16269.70,194.8,10010
uc1_bericht_10000n_500r_1790416754.md,500,10000,5,ibmmq,1,0.05,0.24,0.07,0.06,0.08,0.12,0.01,0.00,500.0,0
uc1_bericht_10000n_500r_1790416754.md,500,10000,5,ibmmq,2,0.05,0.24,0.07,0.07,0.09,0.11,0.01,0.00,500.0,0
uc1_bericht_10000n_500r_1790416754.md,500,10000,5,ibmmq,3,0.05,0.21,0.07,0.06,0.09,0.11,0.01,-0.00,500.0,0
uc1_bericht_10000n_500r_1790416754.md,500,10000,5,ibmmq,4,0.05,0.23,0.06,0.06,0.09,0.11,0.01,0.00,500.0,0
uc1_bericht_10000n_500r_1790416754.md,500,10000,5,ibmmq,5,0.05,0.22,0.07,0.06,0.09,0.13,0.02,0.00,500.0,0
uc1_bericht_20000n_1000r_1790411295.md,1000,20000,3,kafka,1,0.04,0.79,0.06,0.06,0.09,0.09,0.01,0.01,999.9,1
uc1_bericht_20000n_1000r_1790411295.md,1000,20000,3,kafka,2,0.04,1.51,0.06,0.06,0.08,0.09,0.02,-0.00,999.9,2
uc1_bericht_20000n_1000r_1790411295.md,1000,20000,3,kafka,3,0.04,1.44,0.06,0.06,0.08,0.10,0.02,-0.00,999.9,2
uc1_bericht_20000n_1500r_1790411353.md,1500,20000,3,kafka,1,0.04,1.53,0.06,0.06,0.08,0.09,0.02,0.01,1499.8,3
uc1_bericht_20000n_1500r_1790411353.md,1500,20000,3,kafka,2,0.04,1.51,0.06,0.06,0.08,0.09,0.02,-0.01,1499.8,2
uc1_bericht_20000n_1500r_1790411353.md,1500,20000,3,kafka,3,0.04,1.51,0.06,0.06,0.08,0.09,0.02,-0.01,1499.8,2
uc1_bericht_20000n_150r_1790417777.md,150,20000,3,ibmmq,1,2.71,42.03,7.49,6.03,14.41,19.90,3.49,1.33,143.5,5182
uc1_bericht_20000n_150r_1790417777.md,150,20000,3,ibmmq,2,2.74,51.56,9.35,6.55,20.83,27.88,5.84,2.08,143.7,4964
uc1_bericht_20000n_150r_1790417777.md,150,20000,3,ibmmq,3,2.75,170.84,15.70,7.65,64.08,110.13,21.03,35.58,143.4,5052
uc1_bericht_20000n_175r_1790418199.md,175,20000,3,ibmmq,1,22.50,19247.39,10293.88,10963.83,18394.45,19099.44,5603.24,12337.79,155.3,6389
uc1_bericht_20000n_175r_1790418199.md,175,20000,3,ibmmq,2,23.99,19692.33,10742.94,11489.46,18716.04,19496.66,5577.57,12491.89,155.2,6304
uc1_bericht_20000n_175r_1790418199.md,175,20000,3,ibmmq,3,6.50,19170.93,10623.15,11319.31,18571.77,19031.19,5581.75,12358.72,155.3,6436
uc1_bericht_20000n_2000r_1790411401.md,2000,20000,3,kafka,1,0.04,1.07,0.06,0.06,0.08,0.09,0.01,0.00,1999.5,3
uc1_bericht_20000n_2000r_1790411401.md,2000,20000,3,kafka,2,0.04,0.79,0.06,0.06,0.07,0.09,0.01,0.00,1999.6,2
uc1_bericht_20000n_2000r_1790411401.md,2000,20000,3,kafka,3,0.04,1.23,0.06,0.06,0.08,0.09,0.02,0.00,1999.5,3
uc1_bericht_20000n_200r_1790413762.md,200,20000,3,rabbitmq,1,0.09,1.21,0.18,0.18,0.23,0.24,0.03,-0.00,199.9,15
uc1_bericht_20000n_200r_1790413762.md,200,20000,3,rabbitmq,2,0.10,0.34,0.19,0.20,0.23,0.26,0.03,0.04,199.9,14
uc1_bericht_20000n_200r_1790413762.md,200,20000,3,rabbitmq,3,0.09,0.28,0.17,0.17,0.22,0.23,0.03,-0.02,199.9,12
uc1_bericht_20000n_200r_1790418624.md,200,20000,3,ibmmq,1,38.33,35295.68,20943.42,23103.13,34132.98,35041.83,9990.57,20601.22,166.6,7752
uc1_bericht_20000n_200r_1790418624.md,200,20000,3,ibmmq,2,29.82,35409.10,20857.05,23107.81,34225.86,35188.43,10114.46,21018.36,166.9,7640
uc1_bericht_20000n_200r_1790418624.md,200,20000,3,ibmmq,3,29.30,35120.82,20758.15,22939.58,33861.40,34899.33,9917.97,20872.93,167.0,7574
uc1_bericht_20000n_250r_1790414006.md,250,20000,3,rabbitmq,1,0.08,0.31,0.15,0.15,0.20,0.22,0.03,-0.01,249.7,548
uc1_bericht_20000n_250r_1790414006.md,250,20000,3,rabbitmq,2,0.08,0.34,0.15,0.14,0.19,0.21,0.03,-0.00,249.7,427
uc1_bericht_20000n_250r_1790414006.md,250,20000,3,rabbitmq,3,0.08,0.29,0.16,0.16,0.21,0.23,0.03,0.01,249.6,459
uc1_bericht_20000n_250r_1790419046.md,250,20000,3,ibmmq,1,59.09,50720.63,33774.51,38211.77,49454.50,50461.54,13824.41,30867.12,189.7,10367
uc1_bericht_20000n_250r_1790419046.md,250,20000,3,ibmmq,2,58.71,50895.21,33723.76,38127.36,49615.21,50630.18,13970.75,30970.03,189.3,10481
uc1_bericht_20000n_250r_1790419046.md,250,20000,3,ibmmq,3,57.31,51330.03,34114.40,38560.25,50010.84,51073.26,14119.49,31653.43,190.5,10280
uc1_bericht_20000n_3000r_1790411440.md,3000,20000,3,kafka,1,0.04,1.29,0.06,0.06,0.08,0.09,0.01,0.00,2998.7,2
uc1_bericht_20000n_3000r_1790411440.md,3000,20000,3,kafka,2,0.04,1.17,0.06,0.06,0.08,0.09,0.01,-0.00,2998.5,3
uc1_bericht_20000n_3000r_1790411440.md,3000,20000,3,kafka,3,0.04,1.25,0.06,0.06,0.07,0.09,0.01,0.00,2998.4,3
uc1_bericht_20000n_300r_1790414213.md,300,20000,3,rabbitmq,1,0.08,0.26,0.12,0.12,0.16,0.17,0.02,-0.03,294.8,3055
uc1_bericht_20000n_300r_1790414213.md,300,20000,3,rabbitmq,2,0.08,0.54,0.13,0.12,0.16,0.17,0.02,-0.01,294.5,3053
uc1_bericht_20000n_300r_1790414213.md,300,20000,3,rabbitmq,3,0.08,0.25,0.13,0.13,0.16,0.17,0.02,-0.01,295.2,3055
uc1_bericht_20000n_350r_1790414400.md,350,20000,3,rabbitmq,1,0.08,0.59,0.14,0.14,0.16,0.17,0.02,0.01,327.3,11638
uc1_bericht_20000n_350r_1790414400.md,350,20000,3,rabbitmq,2,0.08,0.82,0.13,0.14,0.16,0.17,0.02,0.03,327.2,11184
uc1_bericht_20000n_350r_1790414400.md,350,20000,3,rabbitmq,3,0.08,0.58,0.13,0.13,0.16,0.17,0.02,-0.02,328.1,10744
uc1_bericht_20000n_400r_1790414583.md,400,20000,3,rabbitmq,1,0.08,0.63,0.13,0.13,0.15,0.16,0.02,0.01,333.3,20010
uc1_bericht_20000n_400r_1790414583.md,400,20000,3,rabbitmq,2,0.08,0.74,0.13,0.14,0.16,0.17,0.02,-0.02,331.8,20010
uc1_bericht_20000n_400r_1790414583.md,400,20000,3,rabbitmq,3,0.08,0.70,0.13,0.14,0.16,0.16,0.02,-0.01,331.8,20010
uc1_bericht_20000n_500r_1790411216.md,500,20000,3,kafka,1,0.05,2.24,0.07,0.07,0.10,0.11,0.02,0.01,500.0,1
uc1_bericht_20000n_500r_1790411216.md,500,20000,3,kafka,2,0.05,1.77,0.07,0.07,0.10,0.11,0.02,0.00,500.0,1
uc1_bericht_20000n_500r_1790411216.md,500,20000,3,kafka,3,0.05,0.59,0.08,0.08,0.10,0.11,0.02,0.00,500.0,1
