_datei,soll_last,nachrichten_pro_lauf,wiederholungen,Technologie,Szenario,Semantik,Laeufe,Semantik eingehalten,Verlust (Summe),Duplikate verarbeitet,Duplikate erkannt,Erneute Zustellungen,Producer-Wiederholungen,Mittl. Ausfall (s),Mittl. Wiederanlauf (s),Stillstaende,Waehrend Ausfall gesendet / verarbeitet
uc5_bericht_1790423170.md,,200,1,kafka,crash-pre,at-most-once,1,1/1,1,0,0,0,0,6.0,0.0,0,134 / 134
uc5_bericht_1790423170.md,,200,1,kafka,crash-pre,at-least-once,1,1/1,0,0,0,1,0,6.0,0.0,0,134 / 134
uc5_bericht_1790423170.md,,200,1,kafka,crash-pre,exactly-once,1,1/1,0,0,0,1,0,6.0,0.0,0,134 / 134
uc5_bericht_1790423170.md,,200,1,kafka,crash-post,at-most-once,1,1/1,0,0,0,0,0,6.0,0.0,0,134 / 134
uc5_bericht_1790423170.md,,200,1,kafka,crash-post,at-least-once,1,1/1,0,1,0,1,0,6.0,0.0,0,134 / 134
uc5_bericht_1790423170.md,,200,1,kafka,crash-post,exactly-once,1,1/1,0,0,1,1,0,6.0,0.0,0,134 / 134
uc5_bericht_1790423170.md,,200,1,kafka,broker-pause,at-most-once,1,1/1,0,0,0,0,0,5.1,0.0,0,2 / 2
uc5_bericht_1790423170.md,,200,1,kafka,broker-pause,at-least-once,1,1/1,0,0,0,0,0,5.1,0.0,0,2 / 2
uc5_bericht_1790423170.md,,200,1,kafka,broker-pause,exactly-once,1,1/1,0,0,0,0,0,5.1,6.0,0,2 / 2
uc5_bericht_1790423170.md,,200,1,kafka,broker-restart,at-most-once,1,1/1,0,0,0,0,0,4.6,0.0,0,1 / 1
uc5_bericht_1790423170.md,,200,1,kafka,broker-restart,at-least-once,1,1/1,0,1,0,1,0,4.3,0.0,0,1 / 1
uc5_bericht_1790423170.md,,200,1,kafka,broker-restart,exactly-once,1,1/1,0,0,0,0,0,4.8,0.0,0,1 / 1
uc5_bericht_1790424487.md,,200,5,kafka,crash-pre,at-most-once,5,5/5,5,0,0,0,0,6.0,0.0,0,670 / 670
uc5_bericht_1790424487.md,,200,5,kafka,crash-pre,at-least-once,5,5/5,0,0,0,5,0,6.0,0.0,0,670 / 670
uc5_bericht_1790424487.md,,200,5,kafka,crash-pre,exactly-once,5,5/5,0,0,0,5,0,6.0,0.0,0,670 / 670
uc5_bericht_1790424487.md,,200,5,kafka,crash-post,at-most-once,5,5/5,0,0,0,0,0,6.0,0.0,0,670 / 670
uc5_bericht_1790424487.md,,200,5,kafka,crash-post,at-least-once,5,5/5,0,5,0,5,0,6.0,0.0,0,670 / 670
uc5_bericht_1790424487.md,,200,5,kafka,crash-post,exactly-once,5,5/5,0,0,5,5,0,6.0,0.0,0,670 / 670
uc5_bericht_1790424487.md,,200,5,kafka,broker-pause,at-most-once,5,5/5,0,0,0,0,0,5.1,0.0,0,10 / 10
uc5_bericht_1790424487.md,,200,5,kafka,broker-pause,at-least-once,5,5/5,0,0,0,0,0,5.1,0.0,0,10 / 10
uc5_bericht_1790424487.md,,200,5,kafka,broker-pause,exactly-once,5,5/5,0,0,0,0,0,5.1,6.0,0,10 / 10
uc5_bericht_1790424487.md,,200,5,kafka,broker-restart,at-most-once,5,5/5,0,0,0,0,0,5.2,0.0,0,6 / 6
uc5_bericht_1790424487.md,,200,5,kafka,broker-restart,at-least-once,5,5/5,0,0,0,0,0,5.6,0.0,0,8 / 8
uc5_bericht_1790424487.md,,200,5,kafka,broker-restart,exactly-once,5,5/5,0,0,1,1,0,5.1,1.3,0,5 / 5
uc5_bericht_1790424663.md,,200,1,rabbitmq,crash-pre,at-most-once,1,1/1,1,0,0,0,0,3.0,0.0,0,76 / 76
uc5_bericht_1790424663.md,,200,1,rabbitmq,crash-pre,at-least-once,1,1/1,0,0,0,1,0,3.1,0.0,0,76 / 76
uc5_bericht_1790424663.md,,200,1,rabbitmq,crash-pre,exactly-once,1,1/1,0,0,0,1,0,3.0,0.0,0,76 / 76
uc5_bericht_1790424663.md,,200,1,rabbitmq,crash-post,at-most-once,1,1/1,0,0,0,0,0,3.0,0.0,0,76 / 76
uc5_bericht_1790424663.md,,200,1,rabbitmq,crash-post,at-least-once,1,1/1,0,1,0,1,0,3.1,0.0,0,77 / 77
uc5_bericht_1790424663.md,,200,1,rabbitmq,crash-post,exactly-once,1,1/1,0,0,1,1,0,3.0,0.0,0,77 / 77
uc5_bericht_1790424663.md,,200,1,rabbitmq,broker-pause,at-most-once,1,1/1,0,0,0,0,0,5.0,0.0,0,2 / 2
uc5_bericht_1790424663.md,,200,1,rabbitmq,broker-pause,at-least-once,1,1/1,0,0,0,0,0,5.1,0.0,0,2 / 2
uc5_bericht_1790424663.md,,200,1,rabbitmq,broker-pause,exactly-once,1,1/1,0,0,0,0,0,5.0,0.0,0,2 / 2
uc5_bericht_1790424663.md,,200,1,rabbitmq,broker-restart,at-most-once,1,1/1,0,0,0,0,1,4.1,0.1,0,19 / 19
uc5_bericht_1790424663.md,,200,1,rabbitmq,broker-restart,at-least-once,1,1/1,0,0,0,0,1,4.1,0.1,0,18 / 18
uc5_bericht_1790424663.md,,200,1,rabbitmq,broker-restart,exactly-once,1,1/1,0,0,1,1,1,4.2,0.1,0,20 / 20
uc5_bericht_1790425540.md,,200,5,rabbitmq,crash-pre,at-most-once,5,5/5,5,0,0,0,0,3.0,0.0,0,380 / 380
uc5_bericht_1790425540.md,,200,5,rabbitmq,crash-pre,at-least-once,5,5/5,0,0,0,5,0,3.0,0.0,0,380 / 380
uc5_bericht_1790425540.md,,200,5,rabbitmq,crash-pre,exactly-once,5,5/5,0,0,0,5,0,3.0,0.0,0,380 / 380
uc5_bericht_1790425540.md,,200,5,rabbitmq,crash-post,at-most-once,5,5/5,0,0,0,0,0,3.0,0.0,0,380 / 380
uc5_bericht_1790425540.md,,200,5,rabbitmq,crash-post,at-least-once,5,5/5,0,5,0,5,0,3.0,0.0,0,381 / 381
uc5_bericht_1790425540.md,,200,5,rabbitmq,crash-post,exactly-once,5,5/5,0,0,5,5,0,3.0,0.0,0,382 / 382
uc5_bericht_1790425540.md,,200,5,rabbitmq,broker-pause,at-most-once,5,5/5,0,0,0,0,0,5.0,0.0,0,10 / 10
uc5_bericht_1790425540.md,,200,5,rabbitmq,broker-pause,at-least-once,5,5/5,0,0,0,0,0,5.1,0.0,0,9 / 9
uc5_bericht_1790425540.md,,200,5,rabbitmq,broker-pause,exactly-once,5,5/5,0,0,0,0,0,5.1,0.0,0,9 / 9
uc5_bericht_1790425540.md,,200,5,rabbitmq,broker-restart,at-most-once,5,5/5,0,0,0,0,5,4.2,0.1,0,97 / 97
uc5_bericht_1790425540.md,,200,5,rabbitmq,broker-restart,at-least-once,5,5/5,0,6,0,6,5,4.1,0.1,0,95 / 95
uc5_bericht_1790425540.md,,200,5,rabbitmq,broker-restart,exactly-once,5,5/5,0,0,5,5,5,4.1,0.1,0,99 / 99
uc5_bericht_1790425714.md,,200,1,ibmmq,crash-pre,at-most-once,1,1/1,1,0,0,0,0,3.0,0.0,0,75 / 75
uc5_bericht_1790425714.md,,200,1,ibmmq,crash-pre,at-least-once,1,1/1,0,0,0,1,0,3.0,0.0,0,76 / 76
uc5_bericht_1790425714.md,,200,1,ibmmq,crash-pre,exactly-once,1,1/1,0,0,0,1,0,3.0,0.0,0,76 / 76
uc5_bericht_1790425714.md,,200,1,ibmmq,crash-post,at-most-once,1,1/1,0,0,0,0,0,3.0,0.0,0,76 / 76
uc5_bericht_1790425714.md,,200,1,ibmmq,crash-post,at-least-once,1,1/1,0,1,0,1,0,3.0,0.0,0,76 / 76
uc5_bericht_1790425714.md,,200,1,ibmmq,crash-post,exactly-once,1,1/1,0,0,1,1,0,3.0,0.0,0,76 / 76
uc5_bericht_1790425714.md,,200,1,ibmmq,broker-pause,at-most-once,1,1/1,0,0,0,0,0,5.0,0.0,0,1 / 1
uc5_bericht_1790425714.md,,200,1,ibmmq,broker-pause,at-least-once,1,1/1,0,0,0,0,0,5.0,0.0,0,1 / 1
uc5_bericht_1790425714.md,,200,1,ibmmq,broker-pause,exactly-once,1,1/1,0,0,0,0,0,5.1,0.0,0,2 / 2
uc5_bericht_1790425714.md,,200,1,ibmmq,broker-restart,at-most-once,1,1/1,0,0,0,0,1,3.5,0.1,0,7 / 7
uc5_bericht_1790425714.md,,200,1,ibmmq,broker-restart,at-least-once,1,1/1,0,0,0,0,1,4.0,0.0,0,17 / 17
uc5_bericht_1790425714.md,,200,1,ibmmq,broker-restart,exactly-once,1,1/1,0,0,0,0,1,3.4,0.0,0,29 / 29
uc5_bericht_1790426599.md,,200,5,ibmmq,crash-pre,at-most-once,5,5/5,5,0,0,0,0,3.0,0.0,0,380 / 380
uc5_bericht_1790426599.md,,200,5,ibmmq,crash-pre,at-least-once,5,5/5,0,0,0,5,0,3.0,0.0,0,379 / 379
uc5_bericht_1790426599.md,,200,5,ibmmq,crash-pre,exactly-once,5,5/5,0,0,0,5,0,3.0,0.0,0,378 / 378
uc5_bericht_1790426599.md,,200,5,ibmmq,crash-post,at-most-once,5,5/5,0,0,0,0,0,3.0,0.0,0,380 / 380
uc5_bericht_1790426599.md,,200,5,ibmmq,crash-post,at-least-once,5,5/5,0,5,0,5,0,3.0,0.0,0,380 / 380
uc5_bericht_1790426599.md,,200,5,ibmmq,crash-post,exactly-once,5,5/5,0,0,5,5,0,3.0,0.0,0,380 / 380
uc5_bericht_1790426599.md,,200,5,ibmmq,broker-pause,at-most-once,5,5/5,0,0,0,0,0,5.0,0.0,0,6 / 6
uc5_bericht_1790426599.md,,200,5,ibmmq,broker-pause,at-least-once,5,5/5,0,0,0,0,0,5.1,0.0,0,7 / 7
uc5_bericht_1790426599.md,,200,5,ibmmq,broker-pause,exactly-once,5,5/5,0,0,0,0,0,5.1,0.0,0,6 / 6
uc5_bericht_1790426599.md,,200,5,ibmmq,broker-restart,at-most-once,5,5/5,0,0,0,0,5,3.7,0.1,0,61 / 61
uc5_bericht_1790426599.md,,200,5,ibmmq,broker-restart,at-least-once,5,5/5,0,0,0,0,5,3.6,0.0,0,143 / 143
uc5_bericht_1790426599.md,,200,5,ibmmq,broker-restart,exactly-once,5,5/5,0,0,0,0,5,3.7,0.0,0,132 / 132
